{
  "pds_panel_rows": 180,
  "n_clusters_total": 35,
  "cluster_sizes": {
    "count": 35.0,
    "mean": 5.142857142857143,
    "std": 2.5338050570686943,
    "min": 1.0,
    "25%": 3.0,
    "50%": 5.0,
    "75%": 8.0,
    "max": 8.0
  }
}