,QUO41,QUO65,QUO257,QUO4,QUO5,QUO44,QUO101
QUO41,1.0,0.9504885971213783,0.8427911468166761,0.5377329011994986,0.4951155129605613,0.5745258458359452,0.0748489974188418
QUO65,0.9504885971213783,1.0,0.7386149478384855,0.4281688400226965,0.3892499994794893,0.459268016813347,0.22933416158842765
QUO257,0.8427911468166761,0.7386149478384855,1.0,0.605785144563617,0.5613003853136098,0.6437995732738825,-0.08930214190353739
QUO4,0.5377329011994986,0.4281688400226965,0.605785144563617,1.0,0.9843588178097963,0.990995295714759,-0.05604765094673832
QUO5,0.4951155129605613,0.3892499994794893,0.5613003853136098,0.9843588178097963,1.0,0.966079682098143,-0.006838728051894981
QUO44,0.5745258458359452,0.459268016813347,0.6437995732738825,0.990995295714759,0.966079682098143,1.0,-0.07665539782537767
QUO101,0.0748489974188418,0.22933416158842765,-0.08930214190353739,-0.05604765094673832,-0.006838728051894981,-0.07665539782537767,1.0
