qid,Factor1,Factor2
QUO41,-0.3656240378557642,0.8919391057205435
QUO65,-0.2081729703602787,0.9471332074343465
QUO257,-0.5211130373065509,0.7066719854154258
QUO4,-0.9471985909275785,0.2550552361542219
QUO5,-0.9330139994354032,0.22707389617447787
QUO44,-0.9411171403958886,0.2882619889666994
QUO101,0.3310994295850473,0.4265802673127189
