qid,Factor1,Factor2
QUO41,-0.8446422580328822,0.4645597499963057
QUO65,-0.7567647778399028,0.6063863201247343
QUO257,-0.8493132182787555,0.2227356053234894
QUO4,-0.8973220106684061,-0.3962973041983567
QUO5,-0.8687118943110159,-0.4091666190549644
QUO44,-0.9134413335735215,-0.36663520882397355
QUO101,-0.010192706362897753,0.5399015331235263
